<?xml version="1.0" encoding="UTF-8" ?>
<!DOCTYPE mapper
        PUBLIC "-//mybatis.org//DTD Mapper 3.0//EN"
        "http://mybatis.org/dtd/mybatis-3-mapper.dtd">
<mapper namespace="kr.co.oliveyoung.feature.setting.ScheduleMapper">

    <resultMap id="selectScheduleListMap" type="kr.co.oliveyoung.feature.setting.model.ScheduleFireWall">
        <result property="scheduleNo" column="SCHEDULE_NO"/>
        <result property="scheduleType" column="SCHEDULE_TYPE"/>
        <result property="scheduleSystemName" column="SCHEDULE_SYSTEM_NAME"/>
        <result property="schedulePurpose" column="SCHEDULE_PURPOSE"/>
        <result property="sourceIp" column="SOURCE_IP"/>
        <result property="destinationIp" column="DESTINATION_IP"/>
        <result property="port" column="PORT"/>
        <result property="useYn" column="USE_YN"/>
        <result property="policyStartDate" column="POLICY_START_DATE"/>
        <result property="policyEndDate" column="POLICY_END_DATE"/>
        <result property="policyNoticeDate" column="POLICY_NOTICE_DATE"/>
        <result property="docNumber" column="DOC_NUMBER"/>
        <result property="sysRegrId" column="SYS_REGR_ID"/>
        <result property="sysRegDtime" column="SYS_REG_DTIME"/>
    </resultMap>

    <resultMap id="selectBatchScheduleListMap" type="kr.co.oliveyoung.feature.setting.model.ScheduleFireWall">
        <result property="scheduleType" column="SCHEDULE_TYPE"/>
        <result property="scheduleSystemName" column="SCHEDULE_SYSTEM_NAME"/>
        <result property="schedulePurpose" column="SCHEDULE_PURPOSE"/>
        <result property="scheduleSystemName" column="SCHEDULE_SYSTEM_NAME"/>
        <result property="policyEndDate" column="POLICY_END_DATE"/>
        <result property="docNumber" column="DOC_NUMBER"/>
    </resultMap>

    <insert id="insertFireWallSchedule" parameterType="map">
        INSERT INTO st_schedule
        (
            SCHEDULE_TYPE,
            SCHEDULE_SYSTEM_NAME,
            SCHEDULE_PURPOSE,
            SCHEDULE_JSON_CONTENTS,
            USE_YN,
            POLICY_START_DATE,
            POLICY_END_DATE,
            POLICY_NOTICE_DATE,
            DOC_NUMBER,
            SYS_REGR_ID,
            SYS_REG_DTIME,
            SYS_MODR_ID,
            SYS_MOD_DTIME
        )
        VALUES
        (
            #{data.scheduleType},
            #{data.scheduleSystemName},
            #{data.schedulePurpose},
            #{data.scheduleJsonContents},
            #{data.useYn},
            #{data.policyStartDate},
            #{data.policyEndDate},
            #{data.policyNoticeDate},
            #{data.docNumber},
            #{data.sysRegrId},
            #{data.sysRegDtime},
            #{data.sysModrId},
            #{data.sysModDtime}
        )
    </insert>

    <select id="selectScheduleList" parameterType="map" resultMap="selectScheduleListMap">
        SELECT
            SCHEDULE_NO,
            SCHEDULE_TYPE,
            SCHEDULE_SYSTEM_NAME,
            SCHEDULE_PURPOSE,
            JSON_UNQUOTE( JSON_EXTRACT(SCHEDULE_JSON_CONTENTS, '$.SOURCE_IP') ) AS SOURCE_IP,
            JSON_UNQUOTE( JSON_EXTRACT(SCHEDULE_JSON_CONTENTS, '$.DESTINATION_IP') ) AS DESTINATION_IP,
            JSON_UNQUOTE( JSON_EXTRACT(SCHEDULE_JSON_CONTENTS, '$.PORT') ) AS PORT,
            USE_YN,
            POLICY_START_DATE,
            POLICY_END_DATE,
            POLICY_NOTICE_DATE,
            DOC_NUMBER,
            SYS_REGR_ID,
            SYS_REG_DTIME
        FROM st_schedule

        <where>
            <if test=" scheduleType != null and scheduleType != '' ">
                AND SCHEDULE_TYPE = #{scheduleType}
            </if>
        </where>

        ORDER BY SCHEDULE_NO DESC
    </select>

    <select id="selectBatchScheduleList" parameterType="map" resultMap="selectBatchScheduleListMap">
        SELECT
            SCHEDULE_TYPE,
            SCHEDULE_SYSTEM_NAME,
            SCHEDULE_PURPOSE,
            POLICY_END_DATE,
            DOC_NUMBER
        FROM st_schedule

        <where>
            AND USE_YN = 'Y'
            AND POLICY_START_DTIME LIKE CONCAT(#{currentDate}, '%')
            AND POLICY_END_DATE LIKE CONCAT(#{currentDate}, '%')

            <if test=" scheduleType != null and scheduleType != '' ">
                AND SCHEDULE_TYPE = #{scheduleType}
            </if>
        </where>
    </select>
</mapper>
