<?xml version="1.0" encoding="UTF-8" ?>
<!DOCTYPE mapper
        PUBLIC "-//mybatis.org//DTD Mapper 3.0//EN"
        "http://mybatis.org/dtd/mybatis-3-mapper.dtd">
<mapper namespace="kr.co.oliveyoung.feature.setting.UserMenuAuthorityMapper">

    <resultMap id="userMenuAuthorityResultMap" type="kr.co.oliveyoung.feature.setting.model.UserMenuAuthority">
        <id property="menuNo" column="menu_no" />
        <result property="menuName" column="menu_nm" />
        <result property="iconName" column="menu_icon_nm" />
        <result property="sortSeq" column="sort_seq" />
        <result property="level" column="menu_lvl" />
        <result property="upperMenuNo" column="upr_menu_no" />
        <result property="url" column="menu_url" />
        <result property="usable" column="use_yn" javaType="java.lang.Boolean"
            jdbcType="VARCHAR"
            typeHandler="kr.co.oliveyoung.feature.common.typehandler.StringYnTypeHandler"/>
    </resultMap>

    <select id="selectUserMenuAuthority" parameterType="map" resultMap="userMenuAuthorityResultMap">
        SELECT
            menu.menu_no,
            menu.menu_nm,
            menu.menu_icon_nm,
            menu.sort_seq,
            menu.menu_lvl,
            menu.upr_menu_no,
            menu.menu_url,
            menu.use_yn
        FROM
            st_oyis_menu menu
        WHERE
            1 = 1
        AND EXISTS (
            SELECT 1
            FROM
                st_usr
            WHERE
                usr_no = #{userNo}
            AND admin_yn = 'Y'
            )
        ORDER BY menu.menu_lvl, menu.sort_seq
    </select>

    <select id="selectGroupMenuAuthority" parameterType="map" resultType="kr.co.oliveyoung.feature.setting.model.UserMenu">
        SELECT
            menu.menu_no,
            menu.menu_nm,
            menu.menu_icon_nm,
            menu.sort_seq,
            menu.menu_lvl,
            menu.upr_menu_no,
            menu.menu_url,
            menu.use_yn
        FROM
            st_oyis_menu menu
        INNER JOIN
            st_menu_usr_grp_mppg mppg
            ON menu.menu_no = mppg.menu_no
        WHERE
            mppg.usr_grp_no IN
        <foreach collection="array" item="groupNo" index="index" separator="," open="(" close=")">
            #{groupNo}
        </foreach>
    </select>

    <select id="selectAuthorizedGroup" parameterType="map" resultType="kr.co.oliveyoung.feature.setting.model.UserGroup">
        SELECT
            grp.usr_grp_no AS groupNo,
            grp.usr_grp_nm AS groupName
        FROM
            st_menu_usr_grp_mppg mppg
        INNER JOIN
            st_menu_usr_grp grp
            ON mppg.usr_grp_no = grp.usr_grp_no
        WHERE
        mppg.menu_no IN
        <foreach collection="array" item="menuNo" index="index" separator="," open="(" close=")">
            #{menuNo}
        </foreach>
    </select>

    <select id="selectUnauthorizedGroup" parameterType="map" resultType="kr.co.oliveyoung.feature.setting.model.UserGroup">
        SELECT
            grp.usr_grp_no AS groupNo,
            grp.usr_grp_nm AS groupName
        FROM
            st_menu_usr_grp grp
        WHERE
            grp.usr_grp_no NOT IN (
                SELECT
                    DISTINCT mppg.usr_grp_no
                FROM
                    st_menu_usr_grp_mppg mppg
                WHERE
                    mppg.menu_no IN
                <foreach collection="array" item="menuNo" index="index" separator="," open="(" close=")">
                    #{menuNo}
                </foreach>
            )
    </select>

    <update id="insertUserMenuAuthority" parameterType="map">
        INSERT IGNORE INTO
            st_menu_usr_grp_mppg (
                menu_no,
                usr_grp_no
            )
            VALUES
        <foreach collection="groups" item="group" index="index" separator=",">
            (#{menuNo}, #{group.groupNo})
        </foreach>
    </update>

    <update id="deleteUserMenuAuthority" parameterType="map">
        DELETE
        FROM
            st_menu_usr_grp_mppg
        WHERE
            menu_no = #{menuNo}
        AND usr_grp_no IN
        <foreach collection="groups" item="group" index="index" separator="," open="(" close=")">
            #{group.groupNo}
        </foreach>
    </update>

    <update id="deleteUserMenuAuthorityByGroupNos" parameterType="map">
        DELETE
        FROM
        st_menu_usr_grp_mppg
        WHERE
            usr_grp_no IN
        <foreach collection="array" item="groupNo" index="index" separator="," open="(" close=")">
            #{groupNo}
        </foreach>
    </update>
</mapper>
