<?xml version="1.0" encoding="UTF-8" ?>
<!DOCTYPE mapper
        PUBLIC "-//mybatis.org//DTD Mapper 3.0//EN"
        "http://mybatis.org/dtd/mybatis-3-mapper.dtd">
<mapper namespace="kr.co.oliveyoung.feature.setting.UserMapper">
    <select id="selectUser" parameterType="map" resultType="kr.co.oliveyoung.feature.setting.model.User">
        SELECT
            usr_no AS userNo,
            login_id AS loginId,
            passwd AS password,
            admin_yn AS adminYn,
            DATE_FORMAT(last_login_dtime, '%Y%m%d%H%i%s') AS lastLoginDatetime,
            last_login_ip AS lastLoginIp,
            edu_comm_mem_no AS eduCommMemberNo
        FROM
            st_usr
        WHERE
            1 = 1
            <if test="userNo != null and userNo != ''">
                AND usr_no = #{userNo}
            </if>
            <if test="loginId != null and loginId != ''">
                AND login_id = #{loginId}
            </if>
            <if test="password != null and password != ''">
                AND passwd = #{password}
            </if>
        LIMIT 1
    </select>

    <select id="selectUserGroup" parameterType="int" resultType="kr.co.oliveyoung.feature.setting.model.UserGroup">
        SELECT
            grp.usr_grp_no AS groupNo,
            grp.usr_grp_nm AS groupName
        FROM
            st_menu_sur_grp grp
        INNER JOIN
            st_usr_grp_mppg mppg
            ON grp.usr_grp_no = mppg.usr_grp_no
        WHERE
            mppg.usr_no = #{userNo}
    </select>

    <update id="updateUser" parameterType="kr.co.oliveyoung.feature.setting.model.User">
        UPDATE
            st_usr
        SET
            admin_yn = #{adminYn}
            , last_login_ip = #{lastLoginIp}
        <if test="password != null and password != ''">
            , passwd = #{password}
        </if>
        <if test="lastLoginDatetime != null and lastLoginDatetime != ''">
            , last_login_dtime = STR_TO_DATE(#{lastLoginDatetime}, '%Y%m%d%H%i%s')
        </if>
        WHERE
            usr_no = #{userNo}
    </update>

    <update id="insertUser" parameterType="kr.co.oliveyoung.feature.setting.model.User">
        INSERT IGNORE INTO
            st_usr (
                login_id,
                passwd,
                admin_yn
            )
            VALUES (
                #{loginId},
                #{password},
                <choose>
                    <when test="admin">
                        'Y'
                    </when>
                    <otherwise>
                        'N'
                    </otherwise>
                </choose>
            )
    </update>
</mapper>
