<?xml version="1.0" encoding="UTF-8" ?>
<!DOCTYPE mapper
        PUBLIC "-//mybatis.org//DTD Mapper 3.0//EN"
        "http://mybatis.org/dtd/mybatis-3-mapper.dtd">
<mapper namespace="kr.co.oliveyoung.feature.setting.UserGroupMapper">
    <select id="selectGroups" resultType="kr.co.oliveyoung.feature.setting.model.UserGroup">
        SELECT
            usr_grp_no AS groupNo,
            usr_grp_nm AS groupName
        FROM st_menu_usr_grp
        ORDER BY usr_grp_no DESC
    </select>

    <select id="selectGroupUsersAndNoGroupUsers" parameterType="map" resultType="kr.co.oliveyoung.feature.setting.model.User">
        SELECT
            usr.usr_no AS userNo,
            usr.login_id AS loginId,
            usr.admin_yn AS adminYn,
            DATE_FORMAT(usr.last_login_dtime, '%Y%m%d%H%i%s') AS lastLoginDatetime,
            usr.last_login_ip AS lastLoginIp,
            ugm.usr_grp_no AS groupNo
        FROM
            st_usr_grp_mppg AS ugm
        RIGHT OUTER JOIN
            st_usr AS usr
        ON usr.usr_no = ugm.usr_no
        AND ugm.usr_grp_no = #{groupNo}
    </select>

    <insert id="insertGroup" parameterType="kr.co.oliveyoung.feature.setting.model.UserGroup">
        INSERT INTO st_menu_usr_grp
        (
            usr_grp_nm
        )
        VALUES
        (
            #{groupName}
        )
    </insert>

    <update id="updateGroup" parameterType="kr.co.oliveyoung.feature.setting.model.UserGroup">
        UPDATE st_menu_usr_grp
        SET
            usr_grp_nm = #{groupName}
        WHERE usr_grp_no = #{groupNo}
    </update>

    <update id="deleteUserGroups" parameterType="map">
        DELETE
        FROM
            st_menu_usr_grp
        WHERE
            usr_grp_no IN
        <foreach collection="array" item="groupNo" index="index" separator="," open="(" close=")">
            #{groupNo}
        </foreach>
    </update>

    <update id="deleteUserGroupMappings" parameterType="map">
        DELETE
        FROM
            st_usr_grp_mppg
        WHERE
            usr_grp_no = #{groupNo}
        AND usr_no IN
            <foreach collection="userNos" item="userNo" index="index" separator="," open="(" close=")">
                #{userNo}
            </foreach>
    </update>

    <update id="deleteUserGroupMappingsByGroupNos" parameterType="map">
        DELETE
        FROM
            st_usr_grp_mppg
        WHERE
            usr_grp_no IN
        <foreach collection="array" item="groupNo" index="index" separator="," open="(" close=")">
            #{groupNo}
        </foreach>
    </update>

    <select id="selectUserGroupMappings" parameterType="map" resultType="kr.co.oliveyoung.feature.setting.model.UserGroupMap">
        SELECT
            usr_grp_no AS groupNo,
            usr_no AS userNo
        FROM
            st_usr_grp_mppg
        WHERE
            1 = 1
        <if test="groupNo != null and groupNo != ''">
            AND usr_grp_no = #{groupNo}
        </if>
        <if test="userNo != null and userNo != ''">
            AND usr_no = #{userNo}
        </if>
    </select>

    <insert id="insertUserGroupMappings" parameterType="map">
        INSERT IGNORE INTO st_usr_grp_mppg
        (
        usr_grp_no,
        usr_no
        )
        SELECT
            #{groupNo},
            usr_no
        FROM
            st_usr
        WHERE
            usr_no IN
        <foreach collection="userNos" item="userNo" separator="," open="(" close=")">
            #{userNo}
        </foreach>
        AND EXISTS (
            SELECT
                1
            FROM
                st_menu_usr_grp
            WHERE
                usr_grp_no = #{groupNo}
            LIMIT 1
        )
    </insert>
</mapper>
