<?xml version="1.0" encoding="UTF-8" ?>
<!DOCTYPE mapper
        PUBLIC "-//mybatis.org//DTD Mapper 3.0//EN"
        "http://mybatis.org/dtd/mybatis-3-mapper.dtd">
<mapper namespace="kr.co.oliveyoung.feature.setting.UserMenuMapper">
    <select id="selectUserMenu" parameterType="integer" resultType="kr.co.oliveyoung.feature.setting.model.UserMenu">
        SELECT
            menu_no AS menuNo,
            menu_nm AS menuName,
            menu_icon_nm AS menuIconName,
            upr_menu_no AS upperMenuNo,
            menu_lvl AS menuLevel,
            sort_seq AS sortSeq,
            menu_url AS menuUrl,
            use_yn AS useYn,
            DATE_FORMAT(sys_reg_dtime, '%Y%m%d%H%i%s') AS registerDatetime,
            sys_regr_id AS registerId,
            DATE_FORMAT(sys_mod_dtime, '%Y%m%d%H%i%s') AS modifyDatetime,
            sys_modr_id AS modifierId
        FROM
            st_oyis_menu
        WHERE
            1 = 1
            <if test="menuNo != null">
                AND menu_no = #{menuNo}
            </if>
            <if test="menuNos != null and menuNos.length > 0">
                AND menu_no IN
                <foreach collection="menuNos" item="menuNo" index="index" separator="," open="(" close=")">
                    #{menuNo}
                </foreach>
            </if>
            <if test="menuName != null and menuName != ''">
                AND menu_nm = #{menuName}
            </if>
            <if test="useYn != null and useYn != ''">
                AND use_yn = #{useYn}
            </if>
            <if test="upperMenuNo != null">
                AND upr_menu_no = #{upperMenuNo}
            </if>
    </select>

    <update id="updateUserMenu" parameterType="kr.co.oliveyoung.feature.setting.model.UserMenu">
        UPDATE
            st_oyis_menu
        SET
            sys_mod_dtime = NOW(),
            sys_modr_id = #{modifierId}
        <if test="menuName != null and menuName != ''">
            , menu_nm = #{menuName}
        </if>
        <if test="menuIconName != null and menuIconName != ''">
            , menu_icon_nm = #{menuIconName}
        </if>
        <if test="upperMenuNo != null and upperMenuNo != ''">
            , upr_menu_no = #{upperMenuNo}
        </if>
        <if test="menuLevel != null and menuLevel != ''">
            , menu_lvl = #{menuLevel}
        </if>
        <if test="sortSeq != null and sortSeq != ''">
            , sort_seq = #{sortSeq}
        </if>
        <if test="menuUrl != null and menuUrl != ''">
            , menu_url = #{menuUrl}
        </if>
        <if test="useYn != null and useYn != ''">
            , use_yn = #{useYn}
        </if>
        WHERE
            menu_no = #{menuNo}
    </update>

    <update id="insertUserMenu" parameterType="kr.co.oliveyoung.feature.setting.model.UserMenu">
        INSERT IGNORE INTO
            st_oyis_menu (
                MENU_NM,
                MENU_ICON_NM,
                UPR_MENU_NO,
                MENU_LVL,
                SORT_SEQ,
                MENU_URL,
                USE_YN,
                SYS_REG_DTIME,
                SYS_REGR_ID,
                SYS_MOD_DTIME,
                SYS_MODR_ID
            )
            VALUES (
                #{menuName },
                #{menuIconName },
                #{upperMenuNo},
                #{menuLevel },
                #{sortSeq },
                #{menuUrl },
                #{useYn},
                NOW(),
                #{registerId },
                NOW(),
                #{registerId }
            )
    </update>

    <update id="deleteUserMenu" parameterType="map">
        DELETE
        FROM
            st_oyis_menu
        WHERE
            menu_no IN
        <foreach collection="array" item="menuNo" index="index" separator="," open="(" close=")">
            #{menuNo}
        </foreach>
    </update>

    <select id="selectUserAuthorityMenuList" parameterType="map" resultType="kr.co.oliveyoung.feature.setting.model.UserMenu">
        SELECT
            som.MENU_NO AS menuNo,
            som.MENU_NM AS menuName,
            som.MENU_ICON_NM AS menuIconName,
            som.UPR_MENU_NO AS upperMenuNo,
            som.MENU_LVL AS menuLevel,
            som.SORT_SEQ AS sortSeq,
            som.MENU_URL AS menuUrl,
            som.USE_YN AS useYn,
            DATE_FORMAT(som.SYS_REG_DTIME, '%Y%m%d%H%i%s') AS registerDatetime,
            som.sys_regr_id AS SYS_REGR_ID,
            DATE_FORMAT(som.SYS_MOD_DTIME, '%Y%m%d%H%i%s') AS modifyDatetime,
            som.SYS_MODR_ID AS modifierId
        FROM st_usr AS su
        INNER JOIN st_usr_grp_mppg AS sugm ON sugm.USR_NO = su.USR_NO
        INNER JOIN st_menu_usr_grp AS smug ON smug.USR_GRP_NO = sugm.USR_GRP_NO
        INNER JOIN st_menu_usr_grp_mppg AS smugm ON smugm.USR_GRP_NO = smug.USR_GRP_NO
        INNER JOIN st_oyis_menu AS som ON som.MENU_NO = smugm.MENU_NO
        WHERE su.USR_NO = #{userNo}
        GROUP BY som.MENU_NO
    </select>

</mapper>
