<?xml version="1.0" encoding="UTF-8" ?>
<!DOCTYPE mapper
        PUBLIC "-//mybatis.org//DTD Mapper 3.0//EN"
        "http://mybatis.org/dtd/mybatis-3-mapper.dtd">
<mapper namespace="kr.co.oliveyoung.feature.communication.education.EducationMapper">

    <insert id="insertPost" parameterType="kr.co.oliveyoung.feature.communication.education.model.EduPost"
        useGeneratedKeys="true" keyProperty="postNo">
        INSERT INTO
        oe_edu_ntt
        (
            edu_bbs_no,
            edu_ntt_title,
            edu_ntt_cont,
            inq_cnt,
            itg_atch_file_grp_no,
            ntce_yn,
            use_yn,
            create_dt,
            create_no,
            update_dt,
            update_no
        )
        VALUES
        (
            #{boardNo},
            #{title},
            #{contents},
            0,
            #{attachGroupNo},
            #{noticeYn},
            #{useYn},
            NOW(),
            #{creator},
            NOW(),
            #{creator}
        )
    </insert>

    <update id="updatePost" parameterType="kr.co.oliveyoung.feature.communication.education.model.EduPost">
        UPDATE
            oe_edu_ntt
        SET
            <if test="title != null and title != ''">
                edu_ntt_title = #{title},
            </if>
            <if test="contents != null and contents != ''">
                edu_ntt_cont = #{contents},
            </if>
            <if test="noticeYn != null and noticeYn != ''">
                ntce_yn = #{noticeYn},
            </if>
            <if test="useYn != null and useYn != ''">
                use_yn = #{useYn},
            </if>
            update_dt = NOW(),
            update_no = #{updater}
        WHERE
            edu_ntt_no = #{postNo}
    </update>

    <insert id="insertTag" parameterType="kr.co.oliveyoung.feature.communication.education.model.EduTag"
        useGeneratedKeys="true" keyProperty="tagNo">
        INSERT INTO
        oe_tag
        (
            tag_nm,
            tag_clf_val,
            <if test="tagGroupNo != null and tagGroupNo != ''">
            tag_grp_no,
            </if>
            tag_odr,
            create_dt,
            create_no,
            update_dt,
            update_no
        )
        VALUES
        (
            #{tagName},
            #{tagTypeCode},
        <if test="tagGroupNo != null and tagGroupNo != ''">
            #{tagGroupNo},
        </if>
            #{tagOrder},
            NOW(),
            #{creator},
            NOW(),
            #{creator}
        ) ON DUPLICATE KEY UPDATE
            update_dt = NOW(),
            update_no = #{creator}
    </insert>

    <update id="deletePostTagMappings" parameterType="map">
        DELETE
        FROM
            oe_edu_ntt_tag
        WHERE
            edu_ntt_no = #{postNo}
            <if test="tagNos != null and tagNos.length &gt; 0">
            AND tag_no IN
                <foreach collection="tagNos" item="tagNo" open="(" close=")" separator=",">
                    #{tagNo}
                </foreach>
            </if>
    </update>

    <update id="insertPostTagMapping" parameterType="map">
        INSERT INTO
        oe_edu_ntt_tag
        (
            edu_ntt_no,
            tag_no,
            create_dt,
            create_no,
            update_dt,
            update_no
        )
        VALUES
        (
            #{postNo},
            #{tagNo},
            NOW(),
            #{creator},
            NOW(),
            #{creator}
        ) ON DUPLICATE KEY UPDATE
            update_dt = NOW(),
            update_no = #{creator}
    </update>

    <select id="selectTags"
        resultType="kr.co.oliveyoung.demeter.services.api.communication.education.model.TagVO"
        parameterType="map">
        SELECT
            tag.tag_no AS tagNo,
            tag.tag_nm AS tagName,
            tag.tag_clf_val AS tagTypeCode,
            tag.tag_grp_no AS tagGroupNo,
            tag.tag_odr AS tagOrder,
            DATE_FORMAT(tag.create_dt, '%Y%m%d%H%i%s') AS createDatetime,
            tag.create_no AS creator,
            DATE_FORMAT(tag.update_dt, '%Y%m%d%H%i%s') AS updateDatetime,
            tag.update_no AS updater
        FROM
            oe_tag tag
        WHERE 1 = 1
        <if test="tagName != null and tagName != ''">
            AND tag.tag_nm = #{tagName}
        </if>
        <if test="tagGroupNo != null">
            AND tag.tag_grp_no = #{tagGroupNo}
        </if>
        <if test="tagTypeCode != null and tagTypeCode != ''">
            AND tag.tag_clf_val = #{tagTypeCode}
        </if>
        <if test="postNo != null and postNo != ''">
            AND EXISTS
            (
                SELECT
                    map.tag_no
                FROM
                    oe_edu_ntt_tag map
                WHERE
                    map.edu_ntt_no = #{postNo}
                AND map.tag_no = tag.tag_no
            )
        </if>
        <if test="page != null">
        LIMIT #{page.offset}, #{page.pageSize}
        </if>
    </select>

    <select id="countTags" resultType="int" parameterType="map">
        SELECT
            COUNT(1)
        FROM
            oe_tag tag
        WHERE 1 = 1
        <if test="tagName != null and tagName != ''">
            AND tag.tag_nm = #{tagName}
        </if>
        <if test="tagGroupNo != null">
            AND tag.tag_grp_no = #{tagGroupNo}
        </if>
        <if test="tagTypeCode != null and tagTypeCode != ''">
            AND tag.tag_clf_val = #{tagTypeCode}
        </if>
        <if test="postNo != null and postNo != ''">
            AND EXISTS
            (
                SELECT
                    map.tag_no
                FROM
                    oe_edu_ntt_tag map
                WHERE
                    map.edu_ntt_no = #{postNo}
                AND map.tag_no = tag.tag_no
            )
        </if>
    </select>

    <resultMap id="tagGroupResultMap" type="kr.co.oliveyoung.demeter.services.api.communication.education.model.TagGroupVO">
        <id property="tagGroupNo" column="groupNo" />
        <result property="tagGroupName" column="tagGroupName" />
        <result property="creator" column="groupCreator" />
        <result property="createDatetime" column="groupCreateDatetime" />
        <result property="updater" column="groupUpdater" />
        <result property="updateDatetime" column="groupUpdateDatetime" />
        <collection property="tags" ofType="kr.co.oliveyoung.demeter.services.api.communication.education.model.TagVO">
            <id property="tagNo" column="tagNo" />
            <result property="tagName" column="tagName" />
            <result property="tagTypeCode" column="tagTypeCode" />
            <result property="tagGroupNo" column="tagGroupNo" />
            <result property="tagOrder" column="tagOrder" />
            <result property="creator" column="tagCreator" />
            <result property="createDatetime" column="tagCreateDatetime" />
            <result property="updater" column="tagUpdater" />
            <result property="updateDatetime" column="tagUpdateDatetime" />
        </collection>
    </resultMap>

    <select id="selectTagGroups"
        resultMap="tagGroupResultMap"
        parameterType="map">
        SELECT
            grp.tag_grp_no AS groupNo,
            grp.tag_grp_nm AS tagGroupName,
            tag.tag_no AS tagNo,
            tag.tag_grp_no AS tagGroupNo,
            tag.tag_nm AS tagName,
            tag.tag_clf_val AS tagTypeCode,
            tag.tag_odr AS tagOrder,
            DATE_FORMAT(grp.create_dt, '%Y%m%d%H%i%s') AS groupCreateDatetime,
            grp.create_no AS groupCreator,
            DATE_FORMAT(grp.update_dt, '%Y%m%d%H%i%s') AS groupUpdateDatetime,
            grp.update_no AS groupUpdater,
            DATE_FORMAT(tag.create_dt, '%Y%m%d%H%i%s') AS tagCreateDatetime,
            tag.create_no AS tagCreator,
            DATE_FORMAT(tag.update_dt, '%Y%m%d%H%i%s') AS tagUpdateDatetime,
            tag.update_no AS tagUpdater
        FROM
            (
                SELECT
                    tag_grp_no,
                    tag_grp_nm,
                    create_dt,
                    create_no,
                    update_dt,
                    update_no
                FROM
                    oe_tag_grp
                WHERE 1 = 1
                <if test="tagGroupName != null and tagGroupName != ''">
                    AND grp.tag_grp_nm LIKE CONCAT('%', #{tagGroupName}, '%')
                </if>
                LIMIT #{page.offset}, #{page.pageSize}
            ) grp
        LEFT OUTER JOIN
            oe_tag tag
        ON
            grp.tag_grp_no = tag.tag_grp_no
    </select>

    <select id="countTagGroups" resultType="int" parameterType="map">
        SELECT
            COUNT(1)
        FROM
            oe_tag_grp
        WHERE 1 = 1
        <if test="tagGroupName != null and tagGroupName != ''">
            AND tag_grp_nm like CONCAT('%', #{tagGroupName}, '%')
        </if>
    </select>

    <resultMap id="groupAuthoritiesResultMap"
        type="kr.co.oliveyoung.demeter.services.api.communication.education.model.MemberGroupAuthorityVO">
        <id property="memberGroupAuthorityNo" column="memberGroupAuthorityNo" />
        <result property="memberGroupNo" column="memberGroupNo" />
        <result property="areaTypeCode" column="areaTypeCode" />
        <result property="targetTypeCode" column="targetTypeCode" />
        <result property="targetNo" column="targetNo" />
        <result property="authorityTypeCode" column="authorityTypeCode" />
        <association property="memberGroup" column="{groupNo=memberGroupNo}" select="selectMemberGroups" />
    </resultMap>

    <select id="selectGroupAuthorities"
        resultMap="groupAuthoritiesResultMap"
        parameterType="map">
        SELECT
            mem_grp_auth_no AS memberGroupAuthorityNo,
            mem_grp_no AS memberGroupNo,
            auth_area_clf_val AS areaTypeCode,
            auth_obj_clf_val AS targetTypeCode,
            auth_obj_no AS targetNo,
            ntce_auth_clf_val AS authorityTypeCode
        FROM
            oe_mem_grp_auth
        WHERE 1 = 1
        AND auth_area_clf_val = #{areaTypeCode}
        <if test="targetTypeCode != null and targetTypeCode != ''">
            AND auth_obj_clf_val = #{targetTypeCode}
        </if>
        <if test="targetNo != null and targetNo != ''">
            AND auth_obj_no = #{targetNo}
        </if>
        <if test="page != null">
            LIMIT #{page.offset}, #{page.pageSize}
        </if>
    </select>

    <insert id="insertMemberGroupAuthority" parameterType="kr.co.oliveyoung.feature.communication.education.model.MemberGroupAuthority"
        useGeneratedKeys="true" keyProperty="memberGroupAuthorityNo">
        INSERT INTO
        oe_mem_grp_auth
        (
            mem_grp_no,
            auth_area_clf_val,
            auth_obj_clf_val,
            auth_obj_no,
            ntce_auth_clf_val,
            create_dt,
            create_no,
            update_dt,
            update_no
        )
        VALUES
        (
            #{memberGroupNo},
            #{areaTypeCode},
            #{targetTypeCode},
            #{targetNo},
            #{authorityTypeCode},
            NOW(),
            #{creator},
            NOW(),
            #{updater}
        ) ON DUPLICATE KEY UPDATE
            update_dt = NOW(),
            update_no = #{creator},
            ntce_auth_clf_val = #{authorityTypeCode}
    </insert>

    <update id="deleteMemberGroupAuthority" parameterType="map">
        DELETE
        FROM
            oe_mem_grp_auth
        WHERE
            1 = 1
        <choose>
            <when test="memberGroupAuthorityNo != null">
                AND mem_grp_auth_no = #{memberGroupAuthorityNo}
            </when>
            <otherwise>
                <if test="memberGroupNo != null and memberGroupNo != ''">
                    AND mem_grp_no = #{memberGroupNo}
                </if>
                AND auth_area_clf_val = #{areaTypeCode}
                AND auth_obj_clf_val = #{targetTypeCode}
                AND auth_obj_no = #{targetNo}
            </otherwise>
        </choose>
    </update>

    <select id="selectMemberGroups" parameterType="map"
        resultType="kr.co.oliveyoung.demeter.services.api.communication.education.model.MemberGroupVO">
        SELECT
            mem_grp_no AS groupNo,
            mem_grp_nm AS groupName,
            mem_grp_desc AS groupDescription,
            admin_grp_yn AS adminYn,
            (
                SELECT
                    COUNT(1)
                FROM
                    oe_mem_grp_mapp map
                INNER JOIN
                    oe_mem mem
                ON map.mem_no = mem.mem_no
                WHERE
                    grp.mem_grp_no = map.mem_grp_no
            ) AS memberCount
        FROM
            oe_mem_grp grp
        WHERE 1 = 1
        <if test="groupName != null and groupName != ''">
            AND mem_grp_nm LIKE CONCAT('%', #{groupName}, '%')
        </if>
        <if test="groupNo != null and groupNo != ''">
            AND mem_grp_no = #{groupNo}
        </if>
        <if test="page != null">
        LIMIT #{page.offset}, #{page.pageSize}
        </if>
    </select>

    <select id="countMemberGroups" parameterType="map" resultType="int">
        SELECT
            COUNT(1)
        FROM
            oe_mem_grp grp
        WHERE 1 = 1
        <if test="groupName != null and groupName != ''">
            AND mem_grp_nm LIKE CONCAT('%', #{groupName}, '%')
        </if>
    </select>

    <insert id="insertAttachment" parameterType="kr.co.oliveyoung.feature.communication.education.model.Attachment"
        useGeneratedKeys="true" keyProperty="attachmentNo">
        INSERT INTO
        oe_itg_atch_file
        (
            itg_atch_file_grp_no,
            atch_file_clf_val,
            file_path,
            file_url,
            file_size,
            media_key,
            atch_file_odr,
            create_dt,
            create_no,
            update_dt,
            update_no
        )
        VALUES
        (
            #{attachmentGroupNo},
            #{fileType},
            #{filePath},
            #{fileUrl},
            #{fileSize},
            #{mediaKey},
            #{order},
            NOW(),
            #{creator},
            NOW(),
            #{updater}
        )
    </insert>

    <update id="deleteAttachments" parameterType="map">
        DELETE
        FROM
            oe_itg_atch_file
        WHERE
            itg_atch_file_grp_no = #{attachmentGroupNo}
            <if test="attachmentNos != null">
                AND itg_atch_file_no IN
                <foreach collection="attachmentNos" item="attachmentNo" separator="," open="(" close=")">
                    #{attachmentNo}
                </foreach>
            </if>
    </update>

    <update id="updateAttachment" parameterType="kr.co.oliveyoung.feature.communication.education.model.Attachment">
        UPDATE
            oe_itg_atch_file
        SET
        <if test="order != null and order != ''">
            atch_file_odr = #{order},
        </if>
            update_dt = NOW(),
            update_no = #{updater}
        WHERE
            itg_atch_file_no = #{attachmentNo}
        AND itg_atch_file_grp_no = #{attachmentGroupNo}
    </update>

    <select id="selectAttachments" parameterType="map" resultType="kr.co.oliveyoung.demeter.services.api.communication.education.model.AttachmentVO">
        SELECT
            itg_atch_file_no AS attachNo,
            itg_atch_file_grp_no AS attachGroupNo,
            atch_file_clf_val AS fileTypeCode,
            file_path AS filePath,
            file_url AS fileUrl,
            file_size AS fileSize,
            media_key as mediaKey,
            atch_file_odr AS `order`
        FROM
            oe_itg_atch_file
        WHERE
            1 = 1
        <if test="attachmentGroupNo != null and attachmentGroupNo != ''">
            itg_atch_file_grp_no = #{attachmentGroupNo}
        </if>
        <if test="attachmentNos != null">
            AND itg_atch_file_no IN
            <foreach collection="attachmentNos" item="attachmentNo" separator="," open="(" close=")">
                #{attachmentNo}
            </foreach>
        </if>
    </select>

    <insert id="insertAttachmentGroup" parameterType="kr.co.oliveyoung.feature.communication.education.model.AttachmentGroup"
        useGeneratedKeys="true" keyProperty="attachGroupNo">
        INSERT INTO
        oe_itg_atch_file_grp
        (
            itg_atch_svc_clf_val,
            create_dt,
            create_no,
            update_dt,
            update_no
        )
        VALUES
        (
            #{areaTypeCode},
            NOW(),
            #{creator},
            NOW(),
            #{updater}
        )
    </insert>
    <resultMap id="postResultMap"
        type="kr.co.oliveyoung.demeter.services.api.communication.education.model.PostVO">
        <id property="postNo" column="postNo" />
        <result property="boardNo" column="boardNo" />
        <result property="title" column="title" />
        <result property="contents" column="contents" />
        <result property="attachGroupNo" column="attachGroupNo" />
        <result property="viewCount" column="viewCount" />
        <result property="noticeYn" column="noticeYn" />
        <result property="useYn" column="useYn" />
        <result property="createDatetime" column="createDatetime" />
        <result property="creator" column="creator" />
        <result property="creatorName" column="creatorName" />
        <result property="updateDatetime" column="updateDatetime" />
        <result property="updater" column="updater" />
        <result property="updaterName" column="updaterName" />
        <collection property="attachments" column="attachGroupNo" javaType="java.util.ArrayList"
            ofType="kr.co.oliveyoung.demeter.services.api.communication.education.model.AttachmentVO"
            select="selectAttachments" />
        <collection property="tags" column="postNo=postNo" javaType="java.util.ArrayList"
            ofType="kr.co.oliveyoung.demeter.services.api.communication.education.model.TagVO"
            select="selectTags" />
        <collection property="memberGroupAuthorities"
            column="{areaTypeCode=areaTypeCode,targetTypeCode=targetTypeCode,targetNo=postNo}"
            javaType="java.util.ArrayList"
            ofType="kr.co.oliveyoung.demeter.services.api.communication.education.model.MemberGroupAuthorityVO"
            select="selectGroupAuthorities" />
    </resultMap>

    <select id="selectPostById" resultMap="postResultMap" parameterType="map">
        SELECT
            ntt.edu_bbs_no AS boardNo,
            ntt.edu_ntt_no AS postNo,
            ntt.edu_ntt_title AS title,
            ntt.edu_ntt_cont AS contents,
            ntt.itg_atch_file_grp_no AS attachGroupNo,
            ntt.inq_cnt AS viewCount,
            ntt.ntce_yn AS noticeYn,
            ntt.use_yn AS useYn,
            'EDUCATION' AS areaTypeCode,
            'POST' AS targetTypeCode,
            DATE_FORMAT(ntt.create_dt, '%Y%m%d%H%i%s') AS createDatetime,
            ntt.create_no AS creator,
            (SELECT mem.mem_nm FROM oe_mem mem WHERE mem.mem_no = ntt.create_no) AS creatorName,
            DATE_FORMAT(ntt.update_dt, '%Y%m%d%H%i%s') AS updateDatetime,
            ntt.update_no AS updater,
            (SELECT mem.mem_nm FROM oe_mem mem WHERE mem.mem_no = ntt.update_no) AS updaterName
        FROM
            oe_edu_ntt ntt
        WHERE
            1 = 1
        AND ntt.edu_ntt_no = #{postNo}
    </select>

    <select id="selectPosts" resultMap="postResultMap" parameterType="map">
        SELECT
            ntt.edu_bbs_no AS boardNo,
            ntt.edu_ntt_no AS postNo,
            ntt.edu_ntt_title AS title,
            ntt.edu_ntt_cont AS contents,
            ntt.itg_atch_file_grp_no AS attachGroupNo,
            ntt.inq_cnt AS viewCount,
            ntt.ntce_yn AS noticeYn,
            ntt.use_yn AS useYn,
            'EDUCATION' AS areaTypeCode,
            'POST' AS targetTypeCode,
            DATE_FORMAT(ntt.create_dt, '%Y%m%d%H%i%s') AS createDatetime,
            ntt.create_no AS creator,
            (SELECT mem.mem_nm FROM oe_mem mem WHERE mem.mem_no = ntt.create_no) AS creatorName,
            DATE_FORMAT(ntt.update_dt, '%Y%m%d%H%i%s') AS updateDatetime,
            ntt.update_no AS updater,
            (SELECT mem.mem_nm FROM oe_mem mem WHERE mem.mem_no = ntt.update_no) AS updaterName
        FROM
            oe_edu_ntt ntt
        WHERE
            1 = 1
        <if test="searchKeyword != null and searchKeyword != ''">
            AND ntt.edu_ntt_title LIKE CONCAT('%', #{searchKeyword}, '%')
        </if>
        <if test="tagName != null and tagName != ''">
            AND EXISTS
                (
                    SELECT
                        1
                    FROM
                        oe_edu_ntt_tag map
                    INNER JOIN
                        oe_tag tag
                    ON
                        map.tag_no = tag.tag_no
                    WHERE tag.tag_nm = #{tagName}
                    AND map.edu_ntt_no = ntt.edu_ntt_no
                )
        </if>
        <if test="page != null">
            LIMIT #{page.offset}, #{page.pageSize}
        </if>
    </select>

    <select id="countPosts" resultType="int" parameterType="map">
        SELECT
            COUNT(1)
        FROM
            oe_edu_ntt ntt
        WHERE
            1 = 1
        <if test="searchKeyword != null and searchKeyword != ''">
            AND ntt.edu_ntt_title LIKE CONCAT('%', #{searchKeyword}, '%')
        </if>
        <if test="tagName != null and tagName != ''">
            AND EXISTS
            (
                SELECT
                    1
                FROM
                    oe_edu_ntt_tag map
                INNER JOIN
                    oe_tag tag
                ON
                    map.tag_no = tag.tag_no
                WHERE tag.tag_nm = #{tagName}
                AND map.edu_ntt_no = ntt.edu_ntt_no
            )
        </if>
    </select>
</mapper>
