<?xml version="1.0" encoding="UTF-8"?>
<configuration>
    <!--
    Reference : https://logback.qos.ch/manual/configuration.html
    -->
<!--    <include resource="classpath:config/logback-base.xml"/>-->

    <include resource="org/springframework/boot/logging/logback/defaults.xml" />
    <include resource="org/springframework/boot/logging/logback/console-appender.xml" />

    <property name="LOG_FILE_APPLICATION" value="${oy.base.logs:-logs}/application.log" />
    <appender name="FILE" class="ch.qos.logback.core.rolling.RollingFileAppender">
        <encoder>
            <pattern>${FILE_LOG_PATTERN}</pattern>
        </encoder>
        <file>${LOG_FILE_APPLICATION}</file>
        <rollingPolicy class="ch.qos.logback.core.rolling.TimeBasedRollingPolicy">
            <fileNamePattern>${LOG_FILE_APPLICATION}.%d{yyyyMMdd}</fileNamePattern>
            <maxHistory>30</maxHistory>
        </rollingPolicy>
    </appender>

    <!-- sentry -->
    <appender name="Sentry" class="io.sentry.logback.SentryAppender">
        <filter class="ch.qos.logback.classic.filter.ThresholdFilter">
            <level>WARN</level>
        </filter>
    </appender>

    <springProfile name="local">
        <logger name="kr.co.oliveyoung" level="debug"/>
        <logger name="org.springframework.web" level="debug"/>
        <logger name="org.springframework.data" level="debug"/>
        <root level="info">
            <appender-ref ref="CONSOLE"/>
            <appender-ref ref="FILE"/>
        </root>
    </springProfile>

    <springProfile name="dev">
        <logger name="kr.co.oliveyoung" level="debug"/>
        <logger name="org.springframework.web" level="info"/>
        <logger name="org.springframework.data" level="debug"/>
        <root level="info">
            <appender-ref ref="FILE"/>
        </root>
    </springProfile>

    <springProfile name="production">
        <logger name="kr.co.oliveyoung" level="info"/>
        <logger name="org.springframework.web" level="info"/>
        <logger name="org.springframework.data" level="info"/>
        <root level="info">
            <appender-ref ref="FILE"/>
            <appender-ref ref="Sentry" />
        </root>
    </springProfile>
</configuration>
