<?xml version="1.0" encoding="UTF-8" ?>
<!DOCTYPE mapper
        PUBLIC "-//mybatis.org//DTD Mapper 3.0//EN"
        "http://mybatis.org/dtd/mybatis-3-mapper.dtd">
<mapper namespace="kr.co.oliveyoung.feature.settle.mapper.AssetMapper">

    <resultMap id="selectAssetResultMap" type="kr.co.oliveyoung.feature.settle.Asset">
        <result property="assetCd" column="ASSET_CD"/>
        <result property="assetTxt" column="ASSET_TXT"/>
        <result property="assetLo" column="ASSET_LO"/>
        <result property="mngCstCntrCd" column="MNG_CST_CNTR_CD"/>
        <result property="mngCstCntrNm" column="MNG_CST_CNTR_NM"/>
        <result property="mngMn" column="MNG_MN"/>
        <result property="assetPartTypeCd" column="ASSET_PART_TYPE_CD"/>
        <result property="partRate" column="PART_RATE"/>
        <result property="procCnt" column="PROC_CNT"/>
        <result property="toCstCntrCd" column="TO_CST_CNTR_CD"/>
        <result property="toCstCntrNm" column="TO_CST_CNTR_NM"/>
        <result property="sysRegDtime" column="SYS_REG_DTIME"/>
    </resultMap>

    <select id="selectAssetList" resultMap="selectAssetResultMap" parameterType="map">
        SELECT
            ASSET_CD,
            ASSET_TXT,
            ASSET_LO,
            MNG_CST_CNTR_CD,
            MNG_CST_CNTR_NM,
            MNG_MN,
            ASSET_PART_TYPE_CD,
            PART_RATE,
            PROC_CNT,
            TO_CST_CNTR_CD,
            TO_CST_CNTR_NM,
            SYS_REG_DTIME
        FROM settle_asset_transfer

        <if test="size != null and offset != null">
            LIMIT #{size} OFFSET #{offset}
        </if>
    </select>

    <insert id="insertAsset" parameterType="map">
        INSERT INTO settle_asset_transfer
        (
            ASSET_CD,
            ASSET_TXT,
            ASSET_LO,
            MNG_CST_CNTR_CD,
            MNG_CST_CNTR_NM,
            MNG_MN,
            ASSET_PART_TYPE_CD,
            PART_RATE,
            PROC_CNT,
            TO_CST_CNTR_CD,
            TO_CST_CNTR_NM
        )
        VALUES
        (
            #{data.assetCd},
            #{data.assetTxt},
            #{data.assetLo},
            #{data.mngCstCntrCd},
            #{data.mngCstCntrNm},
            #{data.mngMn},
            #{data.assetPartTypeCd},
            #{data.partRate},
            #{data.procCnt},
            #{data.toCstCntrCd},
            #{data.toCstCntrNm}
        )
    </insert>

    <delete id="truncateAssetAllData">
        TRUNCATE TABLE settle_asset_transfer
    </delete>

</mapper>
