<?xml version="1.0" encoding="UTF-8" ?>
<!DOCTYPE mapper
        PUBLIC "-//mybatis.org//DTD Mapper 3.0//EN"
        "http://mybatis.org/dtd/mybatis-3-mapper.dtd">
<mapper namespace="kr.co.oliveyoung.feature.settle.mapper.HqInvestStoreMapper">

    <resultMap id="selectHqInvestStoreResultMap" type="kr.co.oliveyoung.feature.settle.HqInvestStore">
        <result property="investStoreNo" column="INVEST_STORE_NO"/>
        <result property="toCstCntrCd" column="TO_CST_CNTR_CD"/>
        <result property="investStoreName" column="INVEST_STORE_NAME"/>
        <result property="investStoreOpenDate" column="INVEST_STORE_OPEN_DTIME"/>
        <result property="investStoreType" column="INVEST_STORE_TYPE"/>
        <result property="investStoreRemarks" column="INVEST_STORE_REMARKS"/>
        <result property="sysRegDtime" column="SYS_REG_DTIME"/>
        <result property="sysRegrId" column="SYS_REGR_ID"/>
    </resultMap>

    <select id="selectHqInvestStoreList" resultMap="selectHqInvestStoreResultMap" parameterType="map">
        SELECT
            INVEST_STORE_NO,
            TO_CST_CNTR_CD,
            INVEST_STORE_NAME,
            INVEST_STORE_OPEN_DTIME,
            INVEST_STORE_TYPE,
            INVEST_STORE_REMARKS,
            SYS_REG_DTIME,
            SYS_REGR_ID
        FROM settle_hq_invest_store

        <where>
            <if test=" param.investStoreOpenYearMonth != null and param.investStoreOpenYearMonth != '' ">
                AND INVEST_STORE_OPEN_DTIME LIKE CONCAT(#{param.investStoreOpenYearMonth}, '%')
            </if>
        </where>

        ORDER BY INVEST_STORE_NO DESC

        <if test="size != null and offset != null">
            LIMIT #{size} OFFSET #{offset}
        </if>
    </select>

    <insert id="insertHqInvestStore" parameterType="kr.co.oliveyoung.feature.settle.HqInvestStore" useGeneratedKeys="true" keyProperty="data.investStoreNo">
        INSERT INTO settle_hq_invest_store
        (
            TO_CST_CNTR_CD,
            INVEST_STORE_NAME,
            INVEST_STORE_OPEN_DTIME,
            INVEST_STORE_TYPE,
            INVEST_STORE_REMARKS,
            SYS_REG_DTIME,
            SYS_REGR_ID
        )
        VALUES
        (
            #{data.toCstCntrCd},
            #{data.investStoreName},
            #{data.investStoreOpenDate},
            #{data.investStoreType},
            #{data.investStoreRemarks},
            #{data.sysRegDtime},
            #{data.sysRegrId}
        )
    </insert>

    <update id="updateHqInvestStore" parameterType="map">
        UPDATE settle_hq_invest_store
        SET
            TO_CST_CNTR_CD = #{data.toCstCntrCd},
            INVEST_STORE_NAME = #{data.investStoreName},
            INVEST_STORE_OPEN_DTIME = #{data.investStoreOpenDate},
            INVEST_STORE_TYPE = #{data.investStoreType},
            INVEST_STORE_REMARKS = #{data.investStoreRemarks}
        WHERE INVEST_STORE_NO = #{data.investStoreNo}
    </update>

    <delete id="deleteHqInvestStoreAndChildrenAll" parameterType="map">
        DELETE shis, shisa FROM settle_hq_invest_store AS shis
        LEFT JOIN settle_hq_invest_store_asset AS shisa ON shisa.INVEST_STORE_NO = shis.INVEST_STORE_NO
        WHERE shis.INVEST_STORE_NO = #{data.investStoreNo}
    </delete>

    <select id="selectHqInvestStoreNameChkCnt" parameterType="map" resultType="int">
        SELECT * FROM settle_hq_invest_store
        WHERE INVEST_STORE_NAME = #{investStoreName}
    </select>

    <select id="selectHqInvestStoreNameCnt" resultType="int">
        SELECT COUNT(*) AS cnt
        FROM settle_hq_invest_store
        WHERE INVEST_STORE_NAME = #{investStoreName}
    </select>

</mapper>
