<?xml version="1.0" encoding="UTF-8" ?>
<!DOCTYPE mapper
        PUBLIC "-//mybatis.org//DTD Mapper 3.0//EN"
        "http://mybatis.org/dtd/mybatis-3-mapper.dtd">
<mapper namespace="kr.co.oliveyoung.feature.settle.mapper.HqInvestStoreAssetMapper">

    <resultMap id="hqInvestStoreAssetResultMap" type="kr.co.oliveyoung.feature.settle.HqInvestStoreAsset">
        <result property="investStoreAssetNo" column="INVEST_STORE_ASSET_NO"/>
        <result property="investStoreNo" column="INVEST_STORE_NO"/>
        <result property="investStoreAssetType" column="INVEST_STORE_ASSET_TYPE"/>
        <result property="investStoreAssetRack" column="INVEST_STORE_ASSET_RACK"/>
        <result property="investStoreAssetVpn" column="INVEST_STORE_ASSET_VPN"/>
        <result property="investStoreAssetLed" column="INVEST_STORE_ASSET_LED"/>
        <result property="investStoreAssetSettopPc" column="INVEST_STORE_ASSET_SETTOP_PC"/>
        <result property="investStoreAssetPos" column="INVEST_STORE_ASSET_POS"/>
        <result property="investStoreAssetSurgeProtector" column="INVEST_STORE_ASSET_SURGE_PROTECTOR"/>
        <result property="investStoreAssetHub" column="INVEST_STORE_ASSET_HUB"/>
        <result property="investStoreAssetHandScanner" column="INVEST_STORE_ASSET_HAND_SCANNER"/>
        <result property="investStoreAssetPda" column="INVEST_STORE_ASSET_PDA"/>
        <result property="investStoreAssetSignPad" column="INVEST_STORE_ASSET_SIGN_PAD"/>
        <result property="investStoreAssetCat" column="INVEST_STORE_ASSET_CAT"/>
        <result property="investStoreAssetSwitch" column="INVEST_STORE_ASSET_SWITCH"/>
        <result property="investStoreAssetIcTerminal" column="INVEST_STORE_ASSET_IC_TERMINAL"/>
        <result property="sysRegDtime" column="SYS_REG_DTIME"/>
        <result property="sysRegrId" column="SYS_REGR_ID"/>
    </resultMap>

    <select id="selectHqInvestStoreAssetList" resultMap="hqInvestStoreAssetResultMap" parameterType="map">
        SELECT
            INVEST_STORE_ASSET_NO,
            INVEST_STORE_NO,
            INVEST_STORE_ASSET_TYPE,
            INVEST_STORE_ASSET_RACK,
            INVEST_STORE_ASSET_VPN,
            INVEST_STORE_ASSET_LED,
            INVEST_STORE_ASSET_SETTOP_PC,
            INVEST_STORE_ASSET_POS,
            INVEST_STORE_ASSET_SURGE_PROTECTOR,
            INVEST_STORE_ASSET_HUB,
            INVEST_STORE_ASSET_HAND_SCANNER,
            INVEST_STORE_ASSET_PDA,
            INVEST_STORE_ASSET_SIGN_PAD,
            INVEST_STORE_ASSET_CAT,
            INVEST_STORE_ASSET_SWITCH,
            INVEST_STORE_ASSET_IC_TERMINAL,
            SYS_REG_DTIME,
            SYS_REGR_ID
        FROM settle_hq_invest_store_asset
        WHERE INVEST_STORE_NO = #{investStoreNo}
    </select>

    <select id="selectHqInvestStoreAsset" resultMap="hqInvestStoreAssetResultMap" parameterType="map">
        SELECT
            INVEST_STORE_ASSET_NO,
            INVEST_STORE_NO,
            INVEST_STORE_ASSET_TYPE,
            INVEST_STORE_ASSET_RACK,
            INVEST_STORE_ASSET_VPN,
            INVEST_STORE_ASSET_LED,
            INVEST_STORE_ASSET_SETTOP_PC,
            INVEST_STORE_ASSET_POS,
            INVEST_STORE_ASSET_SURGE_PROTECTOR,
            INVEST_STORE_ASSET_HUB,
            INVEST_STORE_ASSET_HAND_SCANNER,
            INVEST_STORE_ASSET_PDA,
            INVEST_STORE_ASSET_SIGN_PAD,
            INVEST_STORE_ASSET_CAT,
            INVEST_STORE_ASSET_SWITCH,
            INVEST_STORE_ASSET_IC_TERMINAL,
            SYS_REG_DTIME,
            SYS_REGR_ID
        FROM settle_hq_invest_store_asset
        WHERE INVEST_STORE_NO = #{investStoreNo}
        AND INVEST_STORE_ASSET_TYPE = #{investStoreAssetType}
    </select>

    <insert id="insertHqInvestStoreAsset" parameterType="map">
        INSERT INTO settle_hq_invest_store_asset
        (
            INVEST_STORE_NO,
            INVEST_STORE_ASSET_TYPE,
            INVEST_STORE_ASSET_RACK,
            INVEST_STORE_ASSET_VPN,
            INVEST_STORE_ASSET_LED,
            INVEST_STORE_ASSET_SETTOP_PC,
            INVEST_STORE_ASSET_POS,
            INVEST_STORE_ASSET_SURGE_PROTECTOR,
            INVEST_STORE_ASSET_HUB,
            INVEST_STORE_ASSET_HAND_SCANNER,
            INVEST_STORE_ASSET_PDA,
            INVEST_STORE_ASSET_SIGN_PAD,
            INVEST_STORE_ASSET_CAT,
            INVEST_STORE_ASSET_SWITCH,
            INVEST_STORE_ASSET_IC_TERMINAL,
            SYS_REG_DTIME,
            SYS_REGR_ID
        )
        VALUES
        (
            #{data.investStoreNo},
            #{data.investStoreAssetType},
            #{data.investStoreAssetRack},
            #{data.investStoreAssetVpn},
            #{data.investStoreAssetLed},
            #{data.investStoreAssetSettopPc},
            #{data.investStoreAssetPos},
            #{data.investStoreAssetSurgeProtector},
            #{data.investStoreAssetHub},
            #{data.investStoreAssetHandScanner},
            #{data.investStoreAssetPda},
            #{data.investStoreAssetSignPad},
            #{data.investStoreAssetCat},
            #{data.investStoreAssetSwitch},
            #{data.investStoreAssetIcTerminal},
            #{data.sysRegDtime},
            #{data.sysRegrId}
        )
    </insert>

    <update id="updateHqInvestStoreAsset" parameterType="map">
        UPDATE settle_hq_invest_store_asset
        SET
            INVEST_STORE_ASSET_TYPE = #{data.investStoreAssetType},
            INVEST_STORE_ASSET_RACK = #{data.investStoreAssetRack},
            INVEST_STORE_ASSET_VPN = #{data.investStoreAssetVpn},
            INVEST_STORE_ASSET_LED = #{data.investStoreAssetLed},
            INVEST_STORE_ASSET_SETTOP_PC = #{data.investStoreAssetSettopPc},
            INVEST_STORE_ASSET_POS = #{data.investStoreAssetPos},
            INVEST_STORE_ASSET_SURGE_PROTECTOR = #{data.investStoreAssetSurgeProtector},
            INVEST_STORE_ASSET_HUB = #{data.investStoreAssetHub},
            INVEST_STORE_ASSET_HAND_SCANNER = #{data.investStoreAssetHandScanner},
            INVEST_STORE_ASSET_PDA = #{data.investStoreAssetPda},
            INVEST_STORE_ASSET_SIGN_PAD = #{data.investStoreAssetSignPad},
            INVEST_STORE_ASSET_CAT = #{data.investStoreAssetCat},
            INVEST_STORE_ASSET_SWITCH = #{data.investStoreAssetSwitch},
            INVEST_STORE_ASSET_IC_TERMINAL = #{data.investStoreAssetIcTerminal}
        WHERE INVEST_STORE_NO = #{data.investStoreNo}
        AND INVEST_STORE_ASSET_TYPE = #{data.investStoreAssetType}
    </update>

</mapper>
