<?xml version="1.0" encoding="UTF-8" ?>
<!DOCTYPE mapper
        PUBLIC "-//mybatis.org//DTD Mapper 3.0//EN"
        "http://mybatis.org/dtd/mybatis-3-mapper.dtd">
<mapper namespace="kr.co.oliveyoung.feature.settle.mapper.PtInvestStoreMapper">

    <resultMap id="selectPtInvestStoreResultMap" type="kr.co.oliveyoung.feature.settle.PtInvestStore">
        <result property="investStoreNo" column="INVEST_STORE_NO"/>
        <result property="investStoreName" column="INVEST_STORE_NAME"/>
        <result property="investStoreType" column="INVEST_STORE_TYPE"/>
        <result property="investStoreCategoryNo" column="INVEST_STORE_CATEGORY_NO"/>
        <result property="investStoreAssetNo" column="INVEST_STORE_ASSET_NO"/>
        <result property="investStoreCount" column="INVEST_STORE_COUNT"/>
        <result property="investStorePrice" column="INVEST_STORE_PRICE"/>
        <result property="investStoreRemarks" column="INVEST_STORE_REMARKS"/>
        <result property="sysRegDtime" column="SYS_REG_DTIME"/>
        <result property="sysRegrId" column="SYS_REGR_ID"/>
    </resultMap>

    <select id="selectPtInvestStoreList" resultMap="selectPtInvestStoreResultMap" parameterType="map">
        SELECT
            INVEST_STORE_NO,
            INVEST_STORE_NAME,
            INVEST_STORE_TYPE,
            INVEST_STORE_CATEGORY_NO,
            INVEST_STORE_ASSET_NO,
            INVEST_STORE_COUNT,
            INVEST_STORE_PRICE,
            INVEST_STORE_REMARKS,
            SYS_REG_DTIME,
            SYS_REGR_ID
        FROM settle_pt_invest_store

        <where>
            <if test=" param.investStoreCategoryNo != null and param.investStoreCategoryNo gte 0 ">
                AND INVEST_STORE_CATEGORY_NO = #{param.investStoreCategoryNo}
            </if>

            <if test=" param.investStoreName != null and param.investStoreName != '' ">
                AND INVEST_STORE_NAME = #{param.investStoreName}
            </if>
        </where>

        ORDER BY INVEST_STORE_NO

        <if test="size != null and offset != null">
            LIMIT #{size} OFFSET #{offset}
        </if>
    </select>

    <insert id="insertInvestStore" parameterType="map">
        INSERT INTO settle_pt_invest_store
        (
            INVEST_STORE_NAME,
            INVEST_STORE_TYPE,
            INVEST_STORE_CATEGORY_NO,
            INVEST_STORE_ASSET_NO,
            INVEST_STORE_COUNT,
            INVEST_STORE_PRICE,
            INVEST_STORE_REMARKS,
            SYS_REG_DTIME,
            SYS_REGR_ID
        )
        VALUES
        (
            #{data.investStoreName},
            #{data.investStoreType},
            #{data.investStoreCategoryNo},
            #{data.investStoreAssetNo},
            #{data.investStoreCount},
            #{data.investStorePrice},
            #{data.investStoreRemarks},
            #{data.sysRegDtime},
            #{data.sysRegrId}
        )
    </insert>

    <delete id="deleteInvestStoreAllData">
        DELETE FROM settle_pt_invest_store WHERE INVEST_STORE_CATEGORY_NO = #{investStoreCategoryNo}
    </delete>

    <update id="updateInvestStoreActiveType">
        UPDATE settle_pt_invest_store
        SET INVEST_STORE_ACTIVE_TYPE = #{investStoreActiveType}
    </update>

    <select id="selectInvestStoreActiveTypeCnt" resultType="int">
        SELECT COUNT(*) AS cnt
        FROM settle_pt_invest_store
        WHERE INVEST_STORE_ACTIVE_TYPE = #{investStoreActiveType}
    </select>

    <select id="selectPtInvestStoreCnt" parameterType="map" resultType="int">
        SELECT SUM(INVEST_STORE_COUNT) AS cnt
        FROM settle_pt_invest_store

        <where>
            <if test=" investStoreName != null and investStoreName != '' ">
                AND INVEST_STORE_NAME = #{investStoreName}
            </if>

            <if test=" investStoreType != null and investStoreType != '' ">
                AND INVEST_STORE_TYPE = #{investStoreType}
            </if>

            <if test=" investStoreAssetNo != null and investStoreAssetNo != '' ">
                AND INVEST_STORE_ASSET_NO = #{investStoreAssetNo}
            </if>
        </where>
    </select>

</mapper>
