<?xml version="1.0" encoding="UTF-8" ?>
<!DOCTYPE mapper
        PUBLIC "-//mybatis.org//DTD Mapper 3.0//EN"
        "http://mybatis.org/dtd/mybatis-3-mapper.dtd">
<mapper namespace="kr.co.oliveyoung.feature.settle.mapper.TeamProjectMapper">

    <resultMap id="teamProjectResultMap" type="kr.co.oliveyoung.feature.settle.TeamProject">
        <result property="teamProjectNo" column="team_project_no"/>
        <result property="teamProjectSettleType" column="team_project_settle_type"/>
        <result property="teamProjectType" column="team_project_type"/>
        <result property="teamProjectDepartment" column="team_project_department"/>
        <result property="teamProjectDealCheck" column="team_project_deal_check"/>
        <result property="teamProjectDocumentNumber" column="team_project_document_number"/>
        <result property="teamProjectDocumentTitle" column="team_project_document_title"/>
        <result property="teamProjectPrice" column="team_project_price"/>
        <result property="teamProjectCostCenter" column="team_project_cost_center"/>
        <result property="teamProjectWBSCode" column="team_project_wbs_code"/>
        <result property="teamProjectActiveType" column="team_project_active_type"/>
        <result property="teamProjectRegUser" column="team_project_reg_user"/>
        <result property="teamProjectRegDate" column="team_project_reg_date"/>
    </resultMap>

    <select id="selectTeamProjectList" resultMap="teamProjectResultMap" parameterType="map">
        SELECT
            team_project_no,
            team_project_settle_type,
            team_project_type,
            team_project_department,
            team_project_deal_check,
            team_project_document_number,
            team_project_document_title,
            team_project_price,
            team_project_cost_center,
            team_project_wbs_code,
            team_project_active_type,
            team_project_reg_user,
            team_project_reg_date
        FROM settle_team_project

        <where>
            <if test=" param.teamProjectSettleType != null and param.teamProjectSettleType gte 0 ">
                AND team_project_settle_type = #{param.teamProjectSettleType}
            </if>

            <if test=" param.teamProjectType != null and param.teamProjectType gte 0 ">
                AND team_project_type = #{param.teamProjectType}
            </if>

            <if test=" param.teamProjectRegUser != null and param.teamProjectRegUser != '' ">
                AND team_project_reg_user = #{param.teamProjectRegUser}
            </if>

            <if test=" param.teamProjectRegYearMonth != null and param.teamProjectRegYearMonth != '' ">
                AND team_project_reg_date LIKE CONCAT(#{param.teamProjectRegYearMonth}, '%')
            </if>
        </where>

        ORDER BY team_project_no DESC

        <if test="size != null and offset != null">
            LIMIT #{size} OFFSET #{offset}
        </if>
    </select>

    <select id="selectTeamProjectDetail" resultMap="teamProjectResultMap" parameterType="map">
        SELECT
            team_project_no,
            team_project_settle_type,
            team_project_type,
            team_project_department,
            team_project_deal_check,
            team_project_document_number,
            team_project_document_title,
            team_project_price,
            team_project_cost_center,
            team_project_wbs_code,
            team_project_active_type,
            team_project_reg_user,
            team_project_reg_date
        FROM settle_team_project
        WHERE team_project_no = #{teamProjectNo}
    </select>

    <insert id="insertTeamProject" parameterType="map">
        INSERT INTO settle_team_project
        (
            team_project_settle_type,
            team_project_type,
            team_project_department,
            team_project_deal_check,
            team_project_document_number,
            team_project_document_title,
            team_project_price,
            team_project_cost_center,
            team_project_active_type,
            team_project_reg_user
        )
        VALUES
        (
            #{data.teamProjectSettleType},
            #{data.teamProjectType},
            #{data.teamProjectDepartment},
            #{data.teamProjectDealCheck},
            #{data.teamProjectDocumentNumber},
            #{data.teamProjectDocumentTitle},
            #{data.teamProjectPrice},
            #{data.teamProjectCostCenter},
            #{data.teamProjectActiveType},
            #{data.teamProjectRegUser}
        )
    </insert>

    <update id="updateTeamProject" parameterType="map">
        UPDATE settle_team_project
        SET
            team_project_settle_type = #{data.teamProjectSettleType},
            team_project_type = #{data.teamProjectType},
            team_project_department = #{data.teamProjectDepartment},
            team_project_deal_check = #{data.teamProjectDealCheck},
            team_project_document_number = #{data.teamProjectDocumentNumber},
            team_project_document_title = #{data.teamProjectDocumentTitle},
            team_project_price = #{data.teamProjectPrice},
            team_project_cost_center = #{data.teamProjectCostCenter},
            team_project_wbs_code = #{data.teamProjectWBSCode}
        WHERE team_project_no = #{data.teamProjectNo}
    </update>

    <delete id="deleteTeamProject" parameterType="map">
        DELETE FROM settle_team_project
        WHERE team_project_no = #{teamProjectNo}
    </delete>

    <update id="updateTeamProjectActiveType" parameterType="map">
        UPDATE settle_team_project
        SET
            team_project_active_type = #{teamProjectActiveType}
        WHERE team_project_reg_date LIKE CONCAT(#{teamProjectRegYearMonth}, '%')
    </update>

    <select id="selectTeamProjectActiveTypeYnCnt" parameterType="map" resultType="int">
        SELECT COUNT(*) AS cnt
        FROM settle_team_project
        WHERE team_project_active_type = #{teamProjectActiveType}
    </select>

    <insert id="upsertTeamProject" parameterType="map">
        REPLACE INTO settle_team_project
        (
            team_project_no,
            team_project_settle_type,
            team_project_type,
            team_project_department,
            team_project_deal_check,
            team_project_document_number,
            team_project_document_title,
            team_project_price,
            team_project_cost_center,
            team_project_wbs_code,
            team_project_active_type,
            team_project_reg_user
        )
        VALUES
        (
            #{data.teamProjectNo},
            #{data.teamProjectSettleType},
            #{data.teamProjectType},
            #{data.teamProjectDepartment},
            #{data.teamProjectDealCheck},
            #{data.teamProjectDocumentNumber},
            #{data.teamProjectDocumentTitle},
            #{data.teamProjectPrice},
            #{data.teamProjectCostCenter},
            #{data.teamProjectWBSCode},
            #{data.teamProjectActiveType},
            #{data.teamProjectRegUser}
        )
    </insert>

</mapper>
